No,Canal,Momento,Asunto_Template,Cuerpo_Template,Variables,Objetivo,Seguimiento,KPI,Notas
1,Email,Confirmación de reserva,"Confirmación de su evento en Oído Cocina — {nombre_evento}","Estimado/a {contacto_nombre},\n\nNos complace confirmar que su evento ha quedado registrado correctamente en Oído Cocina, restaurante gastronómico del Seda Club Hotel Granada.\n\nDETALLES CONFIRMADOS:\n• Nombre del evento: {nombre_evento}\n• Fecha: {fecha_evento}\n• Horario: {hora_inicio}h – {hora_fin}h\n• Comensales confirmados: {pax} personas\n• Espacio: {lugar}\n• Menú: {resumen_menu}\n• Precio por persona: {precio_pax}€ (IVA incluido)\n\nPara formalizar la reserva es necesario el abono de una señal del 30% ({importe_señal}€) antes del {fecha_limite_señal}, mediante transferencia bancaria a:\n\nES12 3456 7890 1234 5678 9012 — Oído Cocina S.L.\nConcepto: {nombre_evento} — {fecha_evento}\n\nUna vez recibida la señal, le enviaremos el contrato firmado digitalmente.\n\nPara cualquier modificación o consulta, estamos a su disposición.\n\nCordialmente,\n{firma_comercial}\nOído Cocina · Seda Club Hotel Granada\nTel: +34 958 000 000 | eventos@oidococina.com","contacto_nombre, nombre_evento, fecha_evento, hora_inicio, hora_fin, pax, lugar, resumen_menu, precio_pax, importe_señal, fecha_limite_señal, firma_comercial",Formalizar la reserva con todos los datos confirmados y solicitar señal de pago,Verificar recepción en 24h; llamar si no hay respuesta al pago en 5 días hábiles,Tasa de conversión de confirmación → señal pagada; tiempo medio de pago de señal (objetivo <5 días),Enviar en las 2 primeras horas tras la conversación comercial; adjuntar PDF de condiciones de servicio y política de cancelación
2,Email,Recordatorio señal pendiente,"Recordatorio: señal pendiente para su evento del {fecha_evento} en Oído Cocina","Estimado/a {contacto_nombre},\n\nLe recordamos que para confirmar definitivamente su reserva del {fecha_evento} en Oído Cocina, queda pendiente la señal de {importe_señal}€.\n\nDatos bancarios:\nIBAN: ES12 3456 7890 1234 5678 9012\nConcepto: {nombre_evento} — {fecha_evento}\nPlazo límite: {fecha_limite_señal}\n\nSi ya realizó la transferencia, por favor ignoro este mensaje y le pedimos que nos envíe el justificante para actualizar su reserva. Si tiene alguna duda sobre las condiciones, estaremos encantados de atenderle.\n\nGracias,\n{firma_comercial}\nOído Cocina · +34 958 000 000","contacto_nombre, fecha_evento, nombre_evento, importe_señal, fecha_limite_señal, firma_comercial",Recuperar señal pendiente antes del plazo sin presionar al cliente de forma negativa,Si no hay respuesta en 24h: llamada telefónica directa; si sigue sin responder en 48h más: consultar con dirección,Tasa de cobro de señal dentro del plazo; reducción de eventos sin señal confirmada,Enviar solo si han pasado 3 días hábiles desde el email de confirmación y no se ha recibido la transferencia
3,Email,Recordatorio 48h antes del evento,"Recordatorio: su evento en Oído Cocina es pasado mañana — {nombre_evento}","Estimado/a {contacto_nombre},\n\nLe recordamos que su evento '{nombre_evento}' se celebra el próximo {fecha_evento} a las {hora_inicio}h en {lugar}, Seda Club Hotel Granada.\n\nPor favor, confírmenos antes de las 12:00h del {fecha_confirmacion_pax} el número definitivo de comensales. Actualmente tenemos registradas {pax} personas.\n\nSi ha habido algún cambio en alergias o intolerancias alimentarias, es fundamental que nos lo comunique a la mayor brevedad posible para garantizar la seguridad de todos sus invitados.\n\nACCESO:\nSeda Club Hotel Granada, Camino de Ronda 107. Parking gratuito para sus invitados en las instalaciones del hotel durante todo el evento.\n\nNos comprometemos a que cada detalle esté perfecto para su celebración.\n\n¡Hasta el {fecha_evento}!\n{firma_comercial}\nOído Cocina · Seda Club Hotel Granada","contacto_nombre, nombre_evento, fecha_evento, hora_inicio, lugar, fecha_confirmacion_pax, pax, firma_comercial",Confirmar pax definitivo y detectar cambios de alergias con tiempo suficiente para adaptar la producción,Si no responde en 12h: llamada telefónica directa al contacto del evento; si no contesta: WhatsApp,Tasa de respuesta al recordatorio; % de cambios de pax solicitados en las 48h previas,Enviar exactamente a las 48h del evento; no antes para no saturar al cliente con comunicaciones
4,Email,Recordatorio 24h antes del evento,"Mañana es su evento en Oído Cocina — Todo listo para recibirles","Estimado/a {contacto_nombre},\n\n¡Mañana es el día! Un último recordatorio con todos los detalles:\n\n📍 {lugar} — Seda Club Hotel Granada, Camino de Ronda 107\n🕐 Hora de inicio: {hora_inicio}h (pueden llegar desde las {hora_bienvenida}h)\n👥 Comensales confirmados: {pax} personas\n🍽 Menú: {resumen_menu}\n\nNuestro equipo estará en puerta desde {hora_bienvenida}h para recibirles y acompañarles al espacio.\n\nContacto directo del día del evento:\n📱 {telefono_maitre} (WhatsApp disponible desde las 9:00h)\n\nEstamos muy ilusionados con su evento y pondremos toda nuestra pasión para que sea una experiencia inolvidable.\n\n¡Hasta mañana!\n{firma_comercial}","contacto_nombre, lugar, hora_inicio, hora_bienvenida, pax, resumen_menu, telefono_maitre, firma_comercial",Dar confianza al cliente con todos los datos y proporcionar contacto directo para emergencias del día,Confirmar lectura del email; si no abre en 6h enviar el mismo contenido por WhatsApp,Tasa de apertura del email pre-evento; número de cambios de último minuto recibidos,Tono más cálido y personal que los anteriores; este email reduce la ansiedad del cliente significativamente
5,Email,Post-evento agradecimiento y solicitud de feedback,"¡Gracias por celebrar con nosotros! ¿Cómo fue su experiencia en Oído Cocina?","Estimado/a {contacto_nombre},\n\nQueremos agradecerle sinceramente haber elegido Oído Cocina para '{nombre_evento}'. Fue un placer acompañarles en esta celebración especial.\n\nNos gustaría conocer su valoración sobre la experiencia:\n\n¿Quedó satisfecho/a con la calidad del menú y el producto?\n¿El servicio del equipo de sala y cocina estuvo a la altura?\n¿Repetiría o recomendaría Oído Cocina a otras personas?\n\nPuede respondernos directamente a este email con sus comentarios, o si lo prefiere, valorarnos en Google Maps en 2 minutos:\n👉 {link_google_reviews}\n\nSu opinión nos ayuda a seguir mejorando y es fundamental para nuestro equipo.\n\nAdemás, si tiene en mente celebrar otro evento próximamente, los clientes de Oído Cocina que repiten disfrutan de condiciones preferentes y servicio de cata previa sin coste.\n\nGracias de nuevo y esperamos verles pronto.\n{firma_comercial}","contacto_nombre, nombre_evento, link_google_reviews, firma_comercial",Obtener feedback cualitativo y generar reseña en Google Maps; abrir puerta a segundo evento,Verificar si el cliente deja reseña en 7 días; si no: recordatorio suave por WhatsApp con el enlace directo,Número de reseñas de Google Maps generadas por mes; NPS medio; tasa de conversión a segundo evento,Enviar entre 18h y 24h después del evento; con la experiencia aún fresca pero sin ser invasivo
6,Email,Propuesta comercial corporativa,"Propuesta exclusiva para su próximo evento corporativo en Oído Cocina — {nombre_empresa}","Estimado/a {contacto_nombre},\n\nGracias por considerar Oído Cocina, restaurante gastronómico del Seda Club Hotel Granada, para su próximo evento corporativo.\n\nTras nuestra conversación, le presentamos las siguientes opciones:\n\nOPCIÓN A — CÓCTEL NETWORKING (desde {precio_A}€/pax)\n{descripcion_opcion_A}\nIdeal para: networking, presentaciones de producto, recepciones\n\nOPCIÓN B — MENÚ DE TRABAJO (desde {precio_B}€/pax)\n{descripcion_opcion_B}\nIdeal para: almuerzos de directivos, reuniones de equipo, celebraciones\n\nOPCIÓN C — DESAYUNO EJECUTIVO (desde {precio_C}€/pax)\n{descripcion_opcion_C}\nIdeal para: kick-off de proyectos, presentaciones matinales, formaciones\n\nTODAS LAS OPCIONES INCLUYEN:\n• Espacio exclusivo {lugar_propuesto} (hasta {capacidad} personas)\n• Coordinador de eventos dedicado durante todo el servicio\n• Servicio profesional de sala\n• Menaje y decoración básica\n• Parking gratuito para todos los asistentes\n\nValidez de esta propuesta: {fecha_validez}\n\n¿Le viene bien una llamada de 15 minutos para personalizar la propuesta? Propongo el {fecha_propuesta_llamada} a las {hora_propuesta}h.\n\n{firma_comercial}","contacto_nombre, nombre_empresa, precio_A, descripcion_opcion_A, precio_B, descripcion_opcion_B, precio_C, descripcion_opcion_C, lugar_propuesto, capacidad, fecha_validez, fecha_propuesta_llamada, hora_propuesta, firma_comercial",Convertir consulta entrante en evento confirmado con propuesta clara de 3 opciones y llamada a la acción concreta,Llamada de seguimiento a los 2 días si no hay respuesta; segundo seguimiento por WhatsApp al día 5,Tasa de respuesta a propuesta; tasa de conversión propuesta → confirmado; tiempo medio de cierre (objetivo <7 días),Adjuntar siempre PDF de la propuesta con fotografías de los espacios y platos representativos de cada opción
7,Email,Reactivación cliente recurrente (6 meses sin contacto),"Han pasado varios meses — ¿cuándo es su próximo evento en Oído Cocina?","Estimado/a {contacto_nombre},\n\nHace {meses_desde_ultimo_evento} meses que tuvimos el placer de organizar '{nombre_evento_anterior}' para ustedes y queríamos saludarle.\n\nEn Oído Cocina seguimos creciendo: nueva carta de {temporada_actual} con productos de temporada de la Sierra Nevada y las Alpujarras, y nuevas posibilidades de personalización para eventos.\n\nComo cliente habitual de la casa, queremos ofrecerle condiciones preferentes para su próximo evento:\n\n⭐ Descuento del 5% sobre el precio por pax\n⭐ Servicio de cata previa gratuita (valorada en 150€)\n⭐ Prioridad en la reserva de espacios en fechas de alta demanda\n\n¿Tiene previsto algún evento en los próximos meses? Me encantaría prepararle una propuesta personalizada con lo mejor de la nueva temporada.\n\n{firma_comercial}","contacto_nombre, meses_desde_ultimo_evento, nombre_evento_anterior, temporada_actual, firma_comercial",Reactivar clientes inactivos con propuesta de valor diferencial y ventajas de fidelización,Si no responde en 5 días: WhatsApp informal de seguimiento sin presión,Tasa de reactivación de clientes con >6 meses sin evento; ROI del programa de fidelización,El módulo de historial genera automáticamente la lista mensual de clientes inactivos; usar esa lista para esta acción
8,Email,Propuesta Navidad y eventos de empresa fin de año,"Reserva ya tu Navidad en Oído Cocina — Fechas muy limitadas","Estimado/a {contacto_nombre},\n\nLa Navidad se acerca y nuestras fechas en Oído Cocina se reservan con mucha antelación.\n\nPara {nombre_empresa} tenemos disponibles las siguientes opciones:\n\n🎄 CENA DE EMPRESA (desde {precio_cena_empresa}€/pax)\nMenú de 4 vueltas con productos de temporada de invierno, vinos incluidos y ambiente festivo personalizable.\n\n🥂 CÓCTEL NAVIDEÑO (desde {precio_coctel_nav}€/pax)\nApericena navideña con canapés gourmet, cava y ambientación temática.\n\n☕ DESAYUNO NAVIDEÑO (desde {precio_desayuno_nav}€/pax)\nDesayuno especial de empresa para grupos de trabajo.\n\n🎆 NOCHEVIEJA PRIVADA (desde {precio_nochevieja}€/pax, todo incluido)\nCena de Gala con cotillón, uvas, cava hasta las 2:00h.\n\nFECHAS DISPONIBLES: {fechas_disponibles_navidad}\n\nReserva con señal del 30% antes del {fecha_limite_prebooked} y asegura tu fecha.\n\n¡Os esperamos esta Navidad!\n{firma_comercial}","contacto_nombre, nombre_empresa, precio_cena_empresa, precio_coctel_nav, precio_desayuno_nav, precio_nochevieja, fechas_disponibles_navidad, fecha_limite_prebooked, firma_comercial",Llenar el calendario de diciembre desde octubre con reservas corporativas y privadas,Seguimiento el día 15 del mes a clientes sin respuesta; llamada directa para fechas de Nochevieja,% de fechas de diciembre confirmadas antes del 15 de noviembre; ingresos de Navidad vs objetivo,Enviar en la primera semana de octubre; en noviembre ya hay mucha competencia y pocas fechas disponibles
9,WhatsApp,Confirmación inmediata post-reunión o post-llamada,"Confirmación de {tipo_evento} — Oído Cocina","Hola {contacto_nombre}! Soy {nombre_comercial} de Oído Cocina 😊\n\nTe confirmo que hemos registrado tu {tipo_evento}:\n📅 {fecha_evento} a las {hora_inicio}h\n👥 {pax} personas\n📍 {lugar}\n\nEn breve te llega el email de confirmación con todos los detalles y los datos para la señal del 30% ({importe_señal}€).\n\nEstamos muy ilusionados con tu {tipo_evento}! Cualquier duda aquí estoy. ¡Hasta pronto! 🎉","contacto_nombre, nombre_comercial, tipo_evento, fecha_evento, hora_inicio, pax, lugar, importe_señal",Confirmación inmediata y cercana que refuerza el email formal que llegará a continuación,Verificar que el email llegó correctamente; si el cliente no confirma haberlo recibido en 2h reenviar,Tasa de respuesta al WhatsApp de confirmación; velocidad de pago de señal tras recibir datos bancarios,Enviar en los primeros 5 minutos tras colgar la llamada o terminar la reunión; tono siempre cálido y personal
10,WhatsApp,Recordatorio 48h antes del evento,"Oído Cocina: confirmación para {nombre_evento} del {fecha_evento}","Hola {contacto_nombre}! 👋\n\nSu {tipo_evento} '{nombre_evento}' es el {fecha_evento} a las {hora_inicio}h en {lugar}.\n\nNecesitamos confirmar el número definitivo de personas. Actualmente tenemos {pax} confirmados.\n\nSi hay algún cambio en alergias o intolerancias, por favor indíquenoslo aquí o por email.\n\n¡Estamos preparándolo todo para que sea perfecto! 😊\n\n{firma_comercial} · Oído Cocina","contacto_nombre, tipo_evento, nombre_evento, fecha_evento, hora_inicio, lugar, pax, firma_comercial",Confirmar pax final y alergias de forma rápida e informal complementando el email formal,Si no contesta en 12h: llamada de confirmación directa al teléfono del contacto,Tasa de respuesta vía WhatsApp; % de cambios de pax detectados vía WhatsApp vs email,El WhatsApp tiene tasa de apertura del 98% vs 60% del email; usarlo siempre como canal principal a las 48h
11,WhatsApp,Día del evento — mensaje de bienvenida,"¡Hoy es el día! — Oído Cocina · {nombre_evento}","Buenos días {contacto_nombre}! 🌟\n\nHoy es el gran día de '{nombre_evento}'! Ya estamos preparando todo para recibirles.\n\n📍 {lugar} — Seda Club Hotel Granada\n🕐 Les esperamos desde las {hora_bienvenida}h\n\nContacto directo para hoy:\n📱 {telefono_maitre} (cualquier duda o cambio de último minuto)\n\n¡Que sea un día increíble! 🥂\n{firma_comercial}","contacto_nombre, nombre_evento, lugar, hora_bienvenida, telefono_maitre, firma_comercial",Generar confianza y dar contacto directo del maître para el día del evento,Responder cualquier pregunta en menos de 5 minutos durante la mañana del evento,Satisfacción del cliente el día del evento; reducción de llamadas perdidas o confusión en la llegada,Enviar entre 8:00h y 9:00h de la mañana del evento independientemente de la hora del mismo
12,WhatsApp,Post-evento solicitud de reseña Google,"¡Gracias por vuestra visita a Oído Cocina! — {nombre_evento}","Hola {contacto_nombre}! 😊\n\nEsperamos que '{nombre_evento}' haya superado vuestras expectativas. Fue un placer teneros en Oído Cocina!\n\nSi estáis contentos con la experiencia, os agradecería muchísimo si pudierais dejar una valoración en Google Maps. Solo 2 minutos y nos ayuda enormemente:\n\n👉 {link_google_reviews}\n\n¡Muchas gracias y hasta pronto! 🙏\n{firma_comercial}","contacto_nombre, nombre_evento, link_google_reviews, firma_comercial",Conseguir reseña positiva en Google Maps mientras la experiencia está fresca,Si no deja reseña en 48h: recordatorio suave por email una semana después,Número de reseñas de 4-5 estrellas generadas en Google Maps por mes; puntuación media,Enviar entre 2h y 4h después del fin del evento; evitar enviar de noche (esperar a la mañana siguiente si termina tarde)
13,Instagram,Post de evento celebración,"Caption para post de foto de un evento celebrado con permiso del cliente","✨ Otra velada mágica en Oído Cocina 🍽\n\n{descripcion_breve_evento} para {pax_aprox} personas en nuestro {lugar} con vistas únicas a Granada.\n\nCada evento es una historia diferente, y nosotros ponemos toda nuestra alma para que sea perfecta. 🌿\n\nCocina de autor con producto local de las Alpujarras y la Vega de Granada, servicio de sala dedicado y espacios únicos del Seda Club Hotel.\n\n¿Organizas un evento especial en Granada? Escríbenos o contáctanos: eventos@oidococina.com\n\n#OidoCocina #SedaClubGranada #EventosGranada #RestauranteGranada #CateringGranada #GastronomíaAndaluza #EventosCorporativos #CelebrarEnGranada #CocinaDAutor #ProductoLocal","descripcion_breve_evento, pax_aprox, lugar",Mostrar actividad del restaurante y atraer nuevos clientes de eventos,Responder todos los comentarios en las 2h siguientes al post; redirigir DMs a email comercial,Alcance del post; DMs recibidos sobre eventos; clics en enlace de bio; seguidores ganados,Publicar siempre con foto del montaje o del plato más fotogénico del evento; pedir permiso al cliente antes de publicar
14,Instagram,Reel de preparación behind the scenes,"Caption para reel mostrando la preparación de un evento en cocina y sala","Así preparamos tu evento en Oído Cocina 🎬✨\n\nDe la mise en place de cocina al montaje del salón, cada detalle importa para que tu celebración sea perfecta.\n\n🍳 Cocina: {descripcion_proceso_cocina}\n🥂 Sala: {descripcion_proceso_sala}\n\nNuestro equipo lleva horas antes preparando cada elemento para que tú solo tengas que disfrutar.\n\n¿Quieres que tu próximo evento en Granada sea así? 📩 DM o eventos@oidococina.com\n\n#BehindTheScenes #PreparacionEvento #OidoCocina #SedaClubGranada #EventosGranada #ChefLife #EquipoHosteleria #CocinaDeAutor","descripcion_proceso_cocina, descripcion_proceso_sala",Humanizar la marca mostrando el trabajo detrás del servicio; atraer clientes que valoran la excelencia operativa,Responder todos los comentarios en las 3h siguientes; redirigir DMs a email comercial,Visualizaciones del reel; guardados; comentarios; conversiones a consulta comercial; alcance orgánico,Los reels de preparación tienen 3x más alcance que los posts estáticos; publicar martes o miércoles para máximo engagement
15,Instagram Stories,Plato del día o producto de temporada,"Caption para story mostrando un plato o ingrediente estrella del momento","🍽 Hoy en Oído Cocina: {nombre_plato}\n\n{descripcion_plato_corta}.\n\nProducto de temporada de {origen_producto} — {mes_temporada}.\n\n¿Lo pruebas en tu próximo evento? Escríbenos 📩\n\n#ProductoLocal #Granada #CocinaDeMercado","nombre_plato, descripcion_plato_corta, origen_producto, mes_temporada",Mostrar la calidad del producto y vincular implícitamente con eventos y restaurante,Monitorizar respuestas a la story durante 24h; hacer seguimiento de quién responde,Visualizaciones de stories; respuestas directas; clicks en enlace del perfil hacia eventos,Publicar entre 12:00h y 13:00h para mayor visibilidad; usar el sticker de encuesta con preferencias de plato
16,LinkedIn,Captación de clientes corporativos B2B,"Post de LinkedIn para captar empresas medianas y grandes de Granada y provincia","Organizamos eventos corporativos que marcan la diferencia 🤝\n\nEn Oído Cocina (Seda Club Hotel Granada) gestionamos cada detalle de vuestros eventos de empresa, desde la primera consulta hasta el post-evento:\n\n✅ Hasta 200 personas en diferentes configuraciones\n✅ Chef propio con menús totalmente personalizados\n✅ Espacios únicos: Salón Granada, Terraza Sur, Jardín y Sala Alhambra\n✅ Coordinación completa con un solo interlocutor\n✅ Parking gratuito para todos los asistentes\n\nIdeales para: presentaciones de producto · almuerzos de directivos · team building gastronómico · celebraciones de empresa · congresos y networking\n\n¿Tienes un evento corporativo en Granada próximamente? Escríbenos sin compromiso.\n📧 eventos@oidococina.com · 📞 +34 958 000 000\n\n#EventosCorporativos #Granada #HotelSedaGranada #CateringEmpresarial #RestauranteHotel #EventosGranada",—,Captar decisores de eventos corporativos en el tejido empresarial de Granada y provincia,Revisar perfil de quién interactúa con el post; enviar solicitud de conexión a decisores relevantes,Alcance orgánico en LinkedIn; solicitudes de conexión de decision-makers; leads generados desde LinkedIn,Publicar máximo 2 veces por semana; alternar entre casos de éxito anónimos y oferta de servicios
17,LinkedIn,Caso de éxito anónimo,"Post de LinkedIn describiendo un evento corporativo de éxito (sin nombrar al cliente sin permiso)","Caso de éxito: Cóctel de networking para 65 personas en Seda Club Hotel Granada 🏨\n\nUna empresa del sector tecnológico de Granada nos encargó organizar su evento de networking anual.\n\nEl reto:\n• 65 asistentes de diferentes empresas\n• Espacio exterior en la Terraza Sur\n• Menú de producto local de Granada\n• Coordinación con ponentes externos\n\nEl resultado:\n✅ Evento completado sin incidencias\n✅ Valoración del cliente: 9.8/10\n✅ 3 nuevos eventos confirmados de asistentes que conocieron Oído Cocina ese día\n\n¿Tu empresa tiene un evento próximamente? Hablemos.\n📧 eventos@oidococina.com\n\n#EventosCorporativos #Granada #NetworkingGranada #OidoCocina","datos_anonimizados_del_evento",Generar confianza mediante casos de éxito reales con datos concretos y measurable,Responder todos los comentarios; enviar propuesta personalizada a perfiles que interactúan activamente,Conversiones directas desde LinkedIn a consulta comercial; tasa de engagement por post,Solo publicar con datos reales de eventos completados; nunca inventar métricas
18,Email,Upsell barra libre post-confirmación,"Mejora tu evento en Oído Cocina: Barra Libre Premium — solo {precio_barra}€/pax más","Estimado/a {contacto_nombre},\n\nGracias por confiar en Oído Cocina para su {tipo_evento} del {fecha_evento}. Queremos que sea una experiencia perfecta para todos sus invitados.\n\nPor eso le proponemos añadir la BARRA LIBRE PREMIUM por solo {precio_barra}€ adicionales por persona:\n\n🍷 Vinos blancos y tintos de bodegas seleccionadas de Andalucía y Rioja\n🥂 Cava Brut Nature durante toda la velada\n🍺 Cervezas Alhambra Reserva artesanas\n🥤 Refrescos premium y agua mineral\n☕ Café e infusiones al final del evento\n\nLa barra se gestiona de forma discreta y profesional por nuestro equipo especializado, sin límite durante el evento.\n\nPara sus {pax} comensales, el coste adicional total sería de {importe_total_barra}€.\n\n¿Le interesa incluirlo? Responda simplemente 'Sí, incluir barra libre' y lo gestionamos sin trámites adicionales.\n\n{firma_comercial}","contacto_nombre, tipo_evento, fecha_evento, precio_barra, pax, importe_total_barra, firma_comercial",Incrementar el ticket medio del evento con servicio de alto valor añadido real,Seguimiento a los 2 días si no hay respuesta; mencionar en la llamada de confirmación a 48h,Tasa de conversión del upsell de barra libre (objetivo >35%); impacto en ticket medio del evento,Enviar 5 días después de la confirmación y al menos 10 días antes del evento; nunca en los últimos 48h
19,Email,Upsell menú infantil,"¿Habrá niños en su {tipo_evento}? Tenemos un menú infantil especial en Oído Cocina","Estimado/a {contacto_nombre},\n\nPreparando los últimos detalles de su {tipo_evento} del {fecha_evento}, queríamos consultarle si habrá niños entre sus invitados.\n\nHemos diseñado un MENÚ INFANTIL ESPECIAL que encanta a los más pequeños:\n\n🍝 Macarrones con tomate casero y albahaca fresca\n🍗 Pollo al horno con patatas asadas\n🍮 Natillas de vainilla artesanas con galleta\n🥤 Agua y zumo natural de naranja\n\nPrecio: {precio_menu_infantil}€ por niño (frente a {precio_pax}€ del menú adulto)\nEdad recomendada: 3 a 12 años\n\nSi confirma el número de niños antes del {fecha_limite_infantil}, lo coordinamos sin ningún trámite adicional. Si algún niño tiene alguna alergia específica, indíquenosla y adaptamos el menú.\n\n{firma_comercial}","contacto_nombre, tipo_evento, fecha_evento, precio_menu_infantil, precio_pax, fecha_limite_infantil, firma_comercial",Capturar pax infantil y mejorar la experiencia de familias con niños en el evento,Si confirman niños: añadir al evento y verificar alergias infantiles de forma específica,% de eventos de celebración con menú infantil confirmado; satisfacción de clientes con niños,Enviar solo para eventos de celebración familiar; no para corporativos sin niños; tono más cálido
20,Email,Upsell decoración y personalización del espacio,"Personaliza tu evento en Oído Cocina: decoración especial para {nombre_evento}","Estimado/a {contacto_nombre},\n\nSabemos que los detalles hacen que un evento pase de bueno a inolvidable. Por eso ofrecemos servicio de personalización de espacios en Oído Cocina:\n\n🌸 PACK ESENCIAL (180€ total)\nCentro floral natural en cada mesa + velas aromáticas + mantelería especial.\n\n✨ PACK CELEBRACIÓN (390€ total)\nFlores personalizadas según paleta de colores + globos temáticos + banner personalizado + velas.\n\n🎊 PACK EXCLUSIVO (780€ total)\nDiseño completo de ambientación con floristería, menaje especial, iluminación decorativa y coordinación on-site el día del evento.\n\nTodas las opciones incluyen coordinación con nuestra floristería de confianza en Granada y montaje incluido 2h antes del evento.\n\nPara su {tipo_evento} del {fecha_evento} en {lugar}, el PACK {pack_recomendado} encajaría perfectamente.\n\n¿Quiere que le preparemos una visualización con su paleta de colores?\n\n{firma_comercial}","contacto_nombre, tipo_evento, fecha_evento, lugar, pack_recomendado, firma_comercial",Aumentar ticket medio y diferenciación del evento con servicios complementarios de calidad,Enviar enlace a Pinterest con referencias visuales de decoraciones anteriores,Tasa de conversión del upsell de decoración; impacto en ticket medio total del evento,Enviar al menos 15 días antes del evento para coordinar con la floristería; dar tiempo al cliente para decidir
21,PDF Propuesta,Estructura propuesta cóctel,"Guía de estructura del PDF de propuesta para eventos de tipo cóctel","PÁGINA 1: Portada — Logo Oído Cocina + Seda Club Hotel, nombre del evento propuesto, fecha, nombre del cliente, imagen impactante del espacio propuesto. PÁGINA 2: Presentación — 2 párrafos sobre Oído Cocina y la filosofía gastronómica del Chef Ejecutivo; mención al producto local de Granada. PÁGINA 3: Menú propuesto — lista de canapés y bebidas con descripción del producto y su origen. PÁGINA 4: El espacio — fotografía profesional del lugar propuesto con capacidades y características. PÁGINA 5: Precios — desglose detallado por pax y total; qué incluye y qué no; opciones adicionales. PÁGINA 6: Condiciones y próximos pasos — señal, cancelación, plazos, datos bancarios, contacto.","nombre_evento, nombre_cliente, fecha, precio_pax, total_estimado",Proporcionar toda la información necesaria para tomar la decisión de contratación en un único documento,Llamar 48h después de enviar el PDF para resolver dudas y ayudar a la toma de decisión,Tasa de apertura del PDF si se usa sistema de tracking; tasa de conversión de propuesta a evento confirmado,Personalizar siempre la portada y las páginas de menú y precio; el resto puede ser plantilla base; máximo 6 páginas
22,PDF Propuesta,Estructura propuesta menú sentado,"Guía de estructura del PDF de propuesta para eventos de tipo menú sentado con maridaje","PÁGINA 1: Portada personalizada con imagen del salón montado para menú. PÁGINA 2: Presentación del chef y filosofía de cocina local. PÁGINA 3: Menú detallado por vuelta (entrante / principal / postre) con descripción de cada plato y origen del producto. PÁGINA 4: Maridaje propuesto (vinos y bebidas por vuelta) con descripción de cada vino. PÁGINA 5: El espacio y configuración de sala (capacidad, distribución sugerida). PÁGINA 6: Servicios adicionales disponibles (decoración, menú infantil, barra libre, personalización). PÁGINA 7: Precios — con bebidas y sin bebidas; condiciones. PÁGINA 8: Próximos pasos y contacto.","nombre_evento, nombre_cliente, opciones_menu, precio_sin_bebidas, precio_con_maridaje, lugar",Presentar el evento con dos opciones de precio (con y sin maridaje) para facilitar la decisión del cliente,Llamada a las 48h para resolver dudas sobre el menú y explorar si quieren personalización,Conversión de propuesta de menú; elección de precio con/sin maridaje; ticket medio por propuesta enviada,Incluir siempre fotografías de los platos propuestos; aumenta la tasa de conversión un 35% según datos internos
23,Comunicación de precio,Framing de valor,"Técnica de comunicación del precio enmarcado en valor para reducir objeciones","Nunca presentar el precio como un número aislado. Usar siempre el formato: 'La inversión para su {tipo_evento} sería de {precio_pax}€ por persona, todo incluido: producto de primera calidad de origen local, servicio profesional de sala y coordinador dedicado, uso exclusivo del espacio {lugar} y toda la logística del evento. Para {pax} personas, el total sería {total}€.' Comparar siempre con el valor que representa, no con la competencia.","tipo_evento, precio_pax, lugar, pax, total",Justificar el precio como inversión con alto valor percibido; reducir objeciones antes de que surjan,Si hay objeción de precio: ofrecer reducción de pax o cambio de formato antes de hablar de descuento,Tasa de objeciones de precio en primera llamada; % de conversiones sin descuento aplicado,Nunca enviar un precio sin contexto; siempre enmarcado en lo que incluye y lo que representa para el cliente
24,Comunicación de precio,Anclaje de precio con 3 opciones,"Técnica de presentación de opciones para que el precio medio parezca el más razonable","Al enviar propuesta con múltiples opciones, comenzar siempre por la opción más completa y cara (ej: Menú Degustación 98€/pax), luego la estándar (Menú Celebración 78€/pax) y finalmente la básica (Menú Esencial 58€/pax). El 68% de los clientes elige la opción media cuando se presenta en este orden. Nombrar las opciones por valor ('Esencial / Estándar / Premium') nunca por precio.","opciones ordenadas de mayor a menor precio",Aumentar el ticket medio posicionando la opción media como la elección racional,Registrar qué opción elige cada cliente para ajustar la estrategia por perfil de cliente,% de clientes que eligen cada opción; impacto en ticket medio por tipo de evento; efectividad por perfil de cliente,Técnica validada en restauración premium; especialmente efectiva en bodas y eventos corporativos con comité de decisión
25,Precio por temporada,Política de precios estacional,"Guía de precios diferenciados por temporada para Oído Cocina","TEMPORADA ALTA (Abril-Junio + Septiembre-Octubre): precios de tarifa completa — cóctel 52-68€/pax, menú 72-98€/pax, desayuno 28-38€/pax. Fiestas de Granada (Corpus Christi, Semana Santa): precio premium +10%. TEMPORADA MEDIA (Marzo + Julio-Agosto + Noviembre): 5% descuento sobre tarifa para estimular demanda. TEMPORADA BAJA (Diciembre-Febrero excluyendo Navidad): hasta 12% descuento para mantener ocupación; paquetes especiales disponibles. Navidad y Nochevieja: precio premium +15% sobre tarifa alta.","mes_evento, tipo_evento, pax",Maximizar ingresos en temporada alta y ocupación en temporada baja ajustando precios dinámicamente,Revisar la política de precios al inicio de cada temporada con dirección del hotel,RevPAE (Revenue Per Available Event slot) por mes; tasa de ocupación del espacio por mes y tipo,Actualizar los precios base en el sistema al inicio de cada temporada; que el equipo comercial los conozca
26,KPIs de marketing,Dashboard de métricas mensuales,"Métricas clave de cada canal de marketing para revisión mensual de rendimiento","Emails: enviados / tasa apertura (objetivo >40%) / tasa clic (objetivo >8%) / conversiones a evento. WhatsApp: enviados / respondidos / tiempo medio de respuesta del cliente. Instagram: alcance / guardados / DMs de consulta / seguidores nuevos. LinkedIn: impresiones / conexiones relevantes / leads generados. Google: nuevas reseñas / puntuación media / búsquedas directas del nombre. Pipeline comercial: consultas recibidas / propuestas enviadas / eventos confirmados / tasa de conversión global.","mes, datos_por_canal",Optimizar la inversión de tiempo en cada canal según su retorno real y ajustar la estrategia mensualmente,Reunión mensual de marketing el primer lunes del mes con jefa de eventos y dirección,Tasa de conversión global (consulta → evento confirmado); coste de adquisición por evento; NPS medio del mes,El canal referido (cliente que recomienda a otro cliente) tiene la mayor tasa de conversión; incentivar activamente con trato VIP
27,Comunicación crisis,Gestión de una queja post-evento,"Protocolo de comunicación cuando hay una queja o incidencia post-evento","Si el cliente expresa insatisfacción por email o WhatsApp: responder en menos de 2h con: 1) Agradecimiento por el feedback honesto. 2) Reconocimiento del problema sin excusas. 3) Propuesta de compensación concreta (descuento en próximo evento / invitación a cata gratuita / devolución parcial si corresponde). 4) Compromiso de mejora específico. NUNCA: ignorar la queja, responder con excusas, pedir que no publiquen la reseña.","nombre_cliente, descripcion_problema, propuesta_compensacion",Convertir una experiencia negativa en una oportunidad de fidelización y mejorar la reputación de Oído Cocina,Llamada personal del director del restaurante en las 24h siguientes al email; no delegar en comercial,Porcentaje de quejas resueltas satisfactoriamente; clientes que repiten después de haber tenido una incidencia,Un cliente cuya queja se gestiona bien tiene más probabilidades de repetir que un cliente sin incidencia
